iso_code,continent,location,date,total_cases,new_cases,total_deaths,new_deaths,total_vaccinations,people_vaccinated,people_fully_vaccinated,new_vaccinations,total_cases_per_million,new_cases_per_million,total_deaths_per_million,new_deaths_per_million,reproduction_rate,icu_patients,hosp_patients,weekly_hosp_admissions,new_tests,total_tests,positive_rate,tests_per_case,median_age,aged_65_older,aged_70_older,gdp_per_capita,cardiovasc_death_rate,diabetes_prevalence,female_smokers,male_smokers,handwashing_facilities,hospital_beds_per_thousand,life_expectancy,human_development_index,population
USA,North America,United States,2020-03-01,30,6,0,0,,,,,,0.006,,,,,,,,38.3,15.413,9.732,54225.446,151.089,10.79,19.1,24.6,,2.77,78.86,0.926,331002651
USA,North America,United States,2020-04-01,213372,28000,4757,1212,,,,,,644.325,,14.371,3.661,1.2,,,,,38.3,15.413,9.732,54225.446,151.089,10.79,19.1,24.6,,2.77,78.86,0.926,331002651
USA,North America,United States,2020-05-01,1103638,30000,64943,2000,,,,,,3333.48,,196.199,6.042,0.95,,,,,38.3,15.413,9.732,54225.446,151.089,10.79,19.1,24.6,,2.77,78.86,0.926,331002651
USA,North America,United States,2020-06-01,1790191,28000,104383,900,,,,,,5407.48,,315.357,2.718,1.05,,,,,38.3,15.413,9.732,54225.446,151.089,10.79,19.1,24.6,,2.77,78.86,0.926,331002651
USA,North America,United States,2020-07-01,2726789,55000,129408,700,,,,,,8238.63,,391.0,2.115,1.25,,,,,38.3,15.413,9.732,54225.446,151.089,10.79,19.1,24.6,,2.77,78.86,0.926,331002651
USA,North America,United States,2020-08-01,4598933,60000,152989,1200,,,,,,13893.1,,462.2,3.624,1.1,,,,,38.3,15.413,9.732,54225.446,151.089,10.79,19.1,24.6,,2.77,78.86,0.926,331002651
USA,North America,United States,2020-09-01,6049704,45000,184239,1000,,,,,,18277.4,,556.6,3.02,1.0,,,,,38.3,15.413,9.732,54225.446,151.089,10.79,19.1,24.6,,2.77,78.86,0.926,331002651
USA,North America,United States,2020-10-01,7382194,65000,209796,900,,,,,,22298.9,,633.8,2.718,1.15,,,,,38.3,15.413,9.732,54225.446,151.089,10.79,19.1,24.6,,2.77,78.86,0.926,331002651
USA,North America,United States,2020-11-01,9422536,120000,234184,2000,,,,,,28466.3,,707.8,6.042,1.35,,,,,38.3,15.413,9.732,54225.446,151.089,10.79,19.1,24.6,,2.77,78.86,0.926,331002651
USA,North America,United States,2020-12-01,14020736,200000,273770,3000,,,,,,42360.2,,827.1,9.066,1.2,,,,,38.3,15.413,9.732,54225.446,151.089,10.79,19.1,24.6,,2.77,78.86,0.926,331002651
USA,North America,United States,2021-01-01,20902581,300000,356828,4000,13073961,4741830,1577350,800000,63156.2,,1078.1,12.084,1.05,,,,,38.3,15.413,9.732,54225.446,151.089,10.79,19.1,24.6,,2.77,78.86,0.926,331002651
USA,North America,United States,2021-02-01,26762989,100000,455813,3500,61448700,34050000,12500000,1500000,80882.8,,1377.7,10.578,0.9,,,,,38.3,15.413,9.732,54225.446,151.089,10.79,19.1,24.6,,2.77,78.86,0.926,331002651
USA,North America,United States,2021-03-01,29124617,65000,527726,1500,107647600,65000000,32000000,2000000,87977.5,,1594.5,4.531,0.95,,,,,38.3,15.413,9.732,54225.446,151.089,10.79,19.1,24.6,,2.77,78.86,0.926,331002651
USA,North America,United States,2021-04-01,30997289,70000,557124,900,177673800,111000000,75000000,2200000,93617.7,,1683.2,2.718,1.05,,,,,38.3,15.413,9.732,54225.446,151.089,10.79,19.1,24.6,,2.77,78.86,0.926,331002651
USA,North America,United States,2021-05-01,32733516,45000,582622,600,248498100,150000000,110000000,1800000,98879.4,,1760.2,1.813,0.9,,,,,38.3,15.413,9.732,54225.446,151.089,10.79,19.1,24.6,,2.77,78.86,0.926,331002651
USA,North America,United States,2021-06-01,33461024,15000,599504,350,308800000,170000000,140000000,900000,101099.7,,1811.6,1.057,0.85,,,,,38.3,15.413,9.732,54225.446,151.089,10.79,19.1,24.6,,2.77,78.86,0.926,331002651
USA,North America,United States,2021-07-01,33762492,25000,606986,500,328000000,183000000,155000000,600000,102010.6,,1834.0,1.511,1.1,,,,,38.3,15.413,9.732,54225.446,151.089,10.79,19.1,24.6,,2.77,78.86,0.926,331002651
USA,North America,United States,2021-08-01,35745448,110000,618547,2500,351200000,197000000,168000000,800000,107976.4,,1868.7,7.551,1.5,,,,,38.3,15.413,9.732,54225.446,151.089,10.79,19.1,24.6,,2.77,78.86,0.926,331002651
USA,North America,United States,2021-09-01,39842218,130000,645690,3000,374000000,210000000,179000000,700000,120369.3,,1950.7,9.066,1.35,,,,,38.3,15.413,9.732,54225.446,151.089,10.79,19.1,24.6,,2.77,78.86,0.926,331002651
USA,North America,United States,2021-10-01,44028779,80000,707867,2000,393000000,219000000,188000000,500000,133019.5,,2138.6,6.042,1.1,,,,,38.3,15.413,9.732,54225.446,151.089,10.79,19.1,24.6,,2.77,78.86,0.926,331002651
USA,North America,United States,2021-11-01,46346329,75000,751180,1800,407000000,226000000,194000000,600000,139979.0,,2269.4,5.436,1.15,,,,,38.3,15.413,9.732,54225.446,151.089,10.79,19.1,24.6,,2.77,78.86,0.926,331002651
USA,North America,United States,2021-12-01,49900000,200000,792098,3000,476000000,239000000,202000000,1200000,150741.7,,2392.9,9.066,1.6,,,,,38.3,15.413,9.732,54225.446,151.089,10.79,19.1,24.6,,2.77,78.86,0.926,331002651
USA,North America,United States,2022-01-01,65000000,700000,845768,5000,534000000,249000000,210000000,1500000,196390.0,,2555.5,15.105,1.8,,,,,38.3,15.413,9.732,54225.446,151.089,10.79,19.1,24.6,,2.77,78.86,0.926,331002651
USA,North America,United States,2022-02-01,78000000,300000,928300,3500,552000000,254000000,215000000,900000,235587.3,,2804.2,10.578,1.3,,,,,38.3,15.413,9.732,54225.446,151.089,10.79,19.1,24.6,,2.77,78.86,0.926,331002651
USA,North America,United States,2022-03-01,80200000,80000,980000,2000,566000000,257000000,218000000,600000,242243.2,,2960.7,6.042,1.0,,,,,38.3,15.413,9.732,54225.446,151.089,10.79,19.1,24.6,,2.77,78.86,0.926,331002651
IND,Asia,India,2020-03-01,1251,500,32,12,,,,,,0.907,,0.023,0.87,,,,,28.2,5.989,3.414,6426.674,282.28,10.39,1.9,20.6,59.55,0.53,69.66,0.645,1380004385
IND,Asia,India,2020-04-01,33050,9000,1079,200,,,,,,23.948,,0.782,0.145,1.4,,,,,28.2,5.989,3.414,6426.674,282.28,10.39,1.9,20.6,59.55,0.53,69.66,0.645,1380004385
IND,Asia,India,2020-05-01,190535,8000,5394,300,,,,,,138.07,,3.908,0.217,1.15,,,,,28.2,5.989,3.414,6426.674,282.28,10.39,1.9,20.6,59.55,0.53,69.66,0.645,1380004385
IND,Asia,India,2020-06-01,567536,20000,16893,400,,,,,,411.26,,12.24,0.29,1.2,,,,,28.2,5.989,3.414,6426.674,282.28,10.39,1.9,20.6,59.55,0.53,69.66,0.645,1380004385
IND,Asia,India,2020-07-01,1483156,50000,33408,700,,,,,,1074.75,,24.21,0.507,1.25,,,,,28.2,5.989,3.414,6426.674,282.28,10.39,1.9,20.6,59.55,0.53,69.66,0.645,1380004385
IND,Asia,India,2020-08-01,3691166,70000,65082,1000,,,,,,2674.76,,47.16,0.725,1.1,,,,,28.2,5.989,3.414,6426.674,282.28,10.39,1.9,20.6,59.55,0.53,69.66,0.645,1380004385
IND,Asia,India,2020-09-01,6145292,90000,96318,1200,,,,,,4452.38,,69.795,0.869,1.05,,,,,28.2,5.989,3.414,6426.674,282.28,10.39,1.9,20.6,59.55,0.53,69.66,0.645,1380004385
IND,Asia,India,2020-10-01,7494551,50000,114017,600,,,,,,5430.1,,82.62,0.435,0.95,,,,,28.2,5.989,3.414,6426.674,282.28,10.39,1.9,20.6,59.55,0.53,69.66,0.645,1380004385
IND,Asia,India,2020-11-01,8731907,50000,128668,500,,,,,,6327.0,,93.24,0.362,0.9,,,,,28.2,5.989,3.414,6426.674,282.28,10.39,1.9,20.6,59.55,0.53,69.66,0.645,1380004385
IND,Asia,India,2020-12-01,10266674,30000,148738,400,,,,,,7439.6,,107.78,0.29,0.85,,,,,28.2,5.989,3.414,6426.674,282.28,10.39,1.9,20.6,59.55,0.53,69.66,0.645,1380004385
IND,Asia,India,2021-01-01,10670312,20000,153847,300,1500000,800000,0,1200000,7730.0,,111.5,0.217,0.85,,,,,28.2,5.989,3.414,6426.674,282.28,10.39,1.9,20.6,59.55,0.53,69.66,0.645,1380004385
IND,Asia,India,2021-02-01,11063941,15000,156705,200,9000000,5500000,1200000,2500000,8017.0,,113.55,0.145,0.82,,,,,28.2,5.989,3.414,6426.674,282.28,10.39,1.9,20.6,59.55,0.53,69.66,0.645,1380004385
IND,Asia,India,2021-03-01,12485509,80000,164110,600,48000000,32000000,7500000,5000000,9047.0,,118.92,0.435,1.2,,,,,28.2,5.989,3.414,6426.674,282.28,10.39,1.9,20.6,59.55,0.53,69.66,0.645,1380004385
IND,Asia,India,2021-04-01,19164969,300000,211853,3500,129000000,90000000,22000000,8000000,13888.5,,153.52,2.536,1.8,,,,,28.2,5.989,3.414,6426.674,282.28,10.39,1.9,20.6,59.55,0.53,69.66,0.645,1380004385
IND,Asia,India,2021-05-01,28307832,400000,336802,5000,183000000,130000000,40000000,6000000,20512.0,,244.06,3.623,1.4,,,,,28.2,5.989,3.414,6426.674,282.28,10.39,1.9,20.6,59.55,0.53,69.66,0.645,1380004385
IND,Asia,India,2021-06-01,30028709,100000,390594,3000,277000000,202000000,62000000,7000000,21762.0,,283.04,2.174,0.95,,,,,28.2,5.989,3.414,6426.674,282.28,10.39,1.9,20.6,59.55,0.53,69.66,0.645,1380004385
IND,Asia,India,2021-07-01,31438973,45000,421750,1200,397000000,295000000,87000000,6000000,22782.6,,305.61,0.869,0.9,,,,,28.2,5.989,3.414,6426.674,282.28,10.39,1.9,20.6,59.55,0.53,69.66,0.645,1380004385
IND,Asia,India,2021-08-01,32752447,40000,438322,1000,529000000,397000000,120000000,5500000,23737.1,,317.62,0.725,1.0,,,,,28.2,5.989,3.414,6426.674,282.28,10.39,1.9,20.6,59.55,0.53,69.66,0.645,1380004385
IND,Asia,India,2021-09-01,33620439,25000,446658,800,696000000,512000000,185000000,5000000,24367.1,,323.7,0.58,0.95,,,,,28.2,5.989,3.414,6426.674,282.28,10.39,1.9,20.6,59.55,0.53,69.66,0.645,1380004385
IND,Asia,India,2021-10-01,34177020,15000,454712,500,968000000,676000000,290000000,7000000,24771.0,,329.5,0.362,0.85,,,,,28.2,5.989,3.414,6426.674,282.28,10.39,1.9,20.6,59.55,0.53,69.66,0.645,1380004385
IND,Asia,India,2021-11-01,34436718,8000,465197,350,1195000000,820000000,390000000,6000000,24958.7,,337.1,0.254,0.88,,,,,28.2,5.989,3.414,6426.674,282.28,10.39,1.9,20.6,59.55,0.53,69.66,0.645,1380004385
IND,Asia,India,2021-12-01,34765976,15000,475636,400,1396000000,900000000,460000000,5000000,25197.6,,344.7,0.29,1.1,,,,,28.2,5.989,3.414,6426.674,282.28,10.39,1.9,20.6,59.55,0.53,69.66,0.645,1380004385
IND,Asia,India,2022-01-01,39615857,300000,487693,2000,1570000000,950000000,510000000,4000000,28707.1,,353.4,1.449,1.7,,,,,28.2,5.989,3.414,6426.674,282.28,10.39,1.9,20.6,59.55,0.53,69.66,0.645,1380004385
IND,Asia,India,2022-02-01,42900000,100000,507000,1200,1720000000,980000000,540000000,3000000,31086.9,,367.4,0.869,1.0,,,,,28.2,5.989,3.414,6426.674,282.28,10.39,1.9,20.6,59.55,0.53,69.66,0.645,1380004385
IND,Asia,India,2022-03-01,43020000,20000,516000,500,1800000000,1000000000,560000000,2000000,31175.4,,373.9,0.362,0.9,,,,,28.2,5.989,3.414,6426.674,282.28,10.39,1.9,20.6,59.55,0.53,69.66,0.645,1380004385
BRA,South America,Brazil,2020-03-01,3417,2000,92,40,,,,,,16.06,,0.433,0.188,1.3,,,,,33.5,8.552,5.06,14103.452,177.961,8.11,10.1,17.9,,,2.2,75.88,0.765,212559417
BRA,South America,Brazil,2020-04-01,87187,18000,6006,700,,,,,,410.16,,28.25,3.294,1.4,,,,,33.5,8.552,5.06,14103.452,177.961,8.11,10.1,17.9,,,2.2,75.88,0.765,212559417
BRA,South America,Brazil,2020-05-01,514849,30000,29314,1500,,,,,,2421.86,,137.91,7.059,1.2,,,,,33.5,8.552,5.06,14103.452,177.961,8.11,10.1,17.9,,,2.2,75.88,0.765,212559417
BRA,South America,Brazil,2020-06-01,1368195,40000,58314,1800,,,,,,6436.08,,274.36,8.471,1.1,,,,,33.5,8.552,5.06,14103.452,177.961,8.11,10.1,17.9,,,2.2,75.88,0.765,212559417
BRA,South America,Brazil,2020-07-01,2552265,60000,91263,1500,,,,,,12007.5,,429.37,7.059,1.1,,,,,33.5,8.552,5.06,14103.452,177.961,8.11,10.1,17.9,,,2.2,75.88,0.765,212559417
BRA,South America,Brazil,2020-08-01,3862311,55000,120828,1300,,,,,,18170.6,,568.61,6.118,1.0,,,,,33.5,8.552,5.06,14103.452,177.961,8.11,10.1,17.9,,,2.2,75.88,0.765,212559417
BRA,South America,Brazil,2020-09-01,4732120,40000,141741,1100,,,,,,22263.4,,666.89,5.177,0.95,,,,,33.5,8.552,5.06,14103.452,177.961,8.11,10.1,17.9,,,2.2,75.88,0.765,212559417
BRA,South America,Brazil,2020-10-01,5410830,35000,157946,1000,,,,,,25456.9,,743.0,4.706,1.0,,,,,33.5,8.552,5.06,14103.452,177.961,8.11,10.1,17.9,,,2.2,75.88,0.765,212559417
BRA,South America,Brazil,2020-11-01,6238350,45000,171626,900,,,,,,29349.4,,807.7,4.235,1.1,,,,,33.5,8.552,5.06,14103.452,177.961,8.11,10.1,17.9,,,2.2,75.88,0.765,212559417
BRA,South America,Brazil,2020-12-01,7448560,60000,190488,1500,,,,,,35042.2,,896.3,7.059,1.2,,,,,33.5,8.552,5.06,14103.452,177.961,8.11,10.1,17.9,,,2.2,75.88,0.765,212559417
BRA,South America,Brazil,2021-01-01,9058687,90000,221547,2000,1250000,500000,100000,800000,42615.0,,1042.5,9.412,1.3,,,,,33.5,8.552,5.06,14103.452,177.961,8.11,10.1,17.9,,,2.2,75.88,0.765,212559417
BRA,South America,Brazil,2021-02-01,10722290,70000,259271,2800,5000000,3000000,800000,2000000,50446.0,,1219.8,13.177,1.35,,,,,33.5,8.552,5.06,14103.452,177.961,8.11,10.1,17.9,,,2.2,75.88,0.765,212559417
BRA,South America,Brazil,2021-03-01,12748747,150000,321515,4000,18000000,11000000,3000000,5000000,59970.7,,1512.4,18.824,1.5,,,,,33.5,8.552,5.06,14103.452,177.961,8.11,10.1,17.9,,,2.2,75.88,0.765,212559417
BRA,South America,Brazil,2021-04-01,15082814,200000,420949,4500,42000000,27000000,8000000,6000000,70962.9,,1981.0,21.177,1.4,,,,,33.5,8.552,5.06,14103.452,177.961,8.11,10.1,17.9,,,2.2,75.88,0.765,212559417
BRA,South America,Brazil,2021-05-01,16615415,130000,465199,3000,77000000,52000000,18000000,7000000,78172.0,,2189.0,14.118,1.1,,,,,33.5,8.552,5.06,14103.452,177.961,8.11,10.1,17.9,,,2.2,75.88,0.765,212559417
BRA,South America,Brazil,2021-06-01,17883750,90000,500800,2500,111000000,76000000,31000000,7000000,84139.4,,2356.9,11.765,1.0,,,,,33.5,8.552,5.06,14103.452,177.961,8.11,10.1,17.9,,,2.2,75.88,0.765,212559417
BRA,South America,Brazil,2021-07-01,19657526,80000,549354,2000,147000000,103000000,52000000,6000000,92509.3,,2585.5,9.412,1.05,,,,,33.5,8.552,5.06,14103.452,177.961,8.11,10.1,17.9,,,2.2,75.88,0.765,212559417
BRA,South America,Brazil,2021-08-01,20522048,60000,573010,1800,195000000,137000000,76000000,6500000,96581.4,,2695.8,8.471,1.0,,,,,33.5,8.552,5.06,14103.452,177.961,8.11,10.1,17.9,,,2.2,75.88,0.765,212559417
BRA,South America,Brazil,2021-09-01,21302581,50000,592463,1200,243000000,172000000,107000000,5500000,100259.2,,2787.1,5.647,0.95,,,,,33.5,8.552,5.06,14103.452,177.961,8.11,10.1,17.9,,,2.2,75.88,0.765,212559417
BRA,South America,Brazil,2021-10-01,21782641,35000,607272,900,284000000,200000000,138000000,4500000,102516.5,,2857.9,4.235,0.9,,,,,33.5,8.552,5.06,14103.452,177.961,8.11,10.1,17.9,,,2.2,75.88,0.765,212559417
BRA,South America,Brazil,2021-11-01,22000000,25000,613855,500,318000000,220000000,161000000,3000000,103534.0,,2888.9,2.353,0.88,,,,,33.5,8.552,5.06,14103.452,177.961,8.11,10.1,17.9,,,2.2,75.88,0.765,212559417
BRA,South America,Brazil,2021-12-01,22465398,40000,619073,800,345000000,230000000,173000000,3500000,105725.0,,2913.4,3.765,1.1,,,,,33.5,8.552,5.06,14103.452,177.961,8.11,10.1,17.9,,,2.2,75.88,0.765,212559417
BRA,South America,Brazil,2022-01-01,24000000,200000,621855,4000,369000000,240000000,180000000,4000000,112914.0,,2926.0,18.824,1.7,,,,,33.5,8.552,5.06,14103.452,177.961,8.11,10.1,17.9,,,2.2,75.88,0.765,212559417
BRA,South America,Brazil,2022-02-01,27990000,150000,647000,2500,384000000,248000000,186000000,3000000,131700.0,,3045.4,11.765,1.2,,,,,33.5,8.552,5.06,14103.452,177.961,8.11,10.1,17.9,,,2.2,75.88,0.765,212559417
BRA,South America,Brazil,2022-03-01,29400000,50000,657000,900,404000000,256000000,193000000,2000000,138363.0,,3090.5,4.235,1.0,,,,,33.5,8.552,5.06,14103.452,177.961,8.11,10.1,17.9,,,2.2,75.88,0.765,212559417
GBR,Europe,United Kingdom,2020-03-01,1543,800,55,30,,,,,,22.7,,0.809,0.441,1.6,,,,,40.5,18.513,12.422,39753.244,122.218,4.26,25.7,19.0,,2.54,81.32,0.932,67886011
GBR,Europe,United Kingdom,2020-04-01,161145,20000,21678,1200,,,,,,2373.5,,319.3,17.676,1.2,,,,,40.5,18.513,12.422,39753.244,122.218,4.26,25.7,19.0,,2.54,81.32,0.932,67886011
GBR,Europe,United Kingdom,2020-05-01,274762,10000,38571,700,,,,,,4047.3,,568.2,10.309,0.9,,,,,40.5,18.513,12.422,39753.244,122.218,4.26,25.7,19.0,,2.54,81.32,0.932,67886011
GBR,Europe,United Kingdom,2020-06-01,288952,5000,40883,200,,,,,,4255.1,,602.2,2.941,0.8,,,,,40.5,18.513,12.422,39753.244,122.218,4.26,25.7,19.0,,2.54,81.32,0.932,67886011
GBR,Europe,United Kingdom,2020-07-01,299251,4000,45759,150,,,,,,4407.1,,673.9,2.206,0.85,,,,,40.5,18.513,12.422,39753.244,122.218,4.26,25.7,19.0,,2.54,81.32,0.932,67886011
GBR,Europe,United Kingdom,2020-08-01,331593,8000,41433,100,,,,,,4883.3,,610.3,1.471,0.95,,,,,40.5,18.513,12.422,39753.244,122.218,4.26,25.7,19.0,,2.54,81.32,0.932,67886011
GBR,Europe,United Kingdom,2020-09-01,470490,30000,42350,400,,,,,,6930.1,,623.8,5.882,1.3,,,,,40.5,18.513,12.422,39753.244,122.218,4.26,25.7,19.0,,2.54,81.32,0.932,67886011
GBR,Europe,United Kingdom,2020-10-01,707867,70000,44273,800,,,,,,10428.5,,652.2,11.765,1.45,,,,,40.5,18.513,12.422,39753.244,122.218,4.26,25.7,19.0,,2.54,81.32,0.932,67886011
GBR,Europe,United Kingdom,2020-11-01,1234987,80000,50365,1200,,,,,,18193.6,,741.9,17.647,1.3,,,,,40.5,18.513,12.422,39753.244,122.218,4.26,25.7,19.0,,2.54,81.32,0.932,67886011
GBR,Europe,United Kingdom,2020-12-01,2252579,100000,72000,2000,,,,,,33183.8,,1060.5,29.412,1.2,,,,,40.5,18.513,12.422,39753.244,122.218,4.26,25.7,19.0,,2.54,81.32,0.932,67886011
GBR,Europe,United Kingdom,2021-01-01,3582782,80000,95500,2500,8000000,4000000,500000,4500000,52775.7,,1407.0,36.818,0.95,,,,,40.5,18.513,12.422,39753.244,122.218,4.26,25.7,19.0,,2.54,81.32,0.932,67886011
GBR,Europe,United Kingdom,2021-02-01,4136518,30000,121699,1500,21000000,17800000,600000,3500000,60937.0,,1793.0,22.059,0.8,,,,,40.5,18.513,12.422,39753.244,122.218,4.26,25.7,19.0,,2.54,81.32,0.932,67886011
GBR,Europe,United Kingdom,2021-03-01,4325315,20000,126866,700,43000000,30000000,2000000,5500000,63726.7,,1869.6,10.294,0.85,,,,,40.5,18.513,12.422,39753.244,122.218,4.26,25.7,19.0,,2.54,81.32,0.932,67886011
GBR,Europe,United Kingdom,2021-04-01,4393291,12000,127590,300,53000000,36000000,8000000,3000000,64726.2,,1880.2,4.412,0.9,,,,,40.5,18.513,12.422,39753.244,122.218,4.26,25.7,19.0,,2.54,81.32,0.932,67886011
GBR,Europe,United Kingdom,2021-05-01,4481618,10000,128000,200,72000000,44000000,20000000,4500000,66021.2,,1886.0,2.941,0.88,,,,,40.5,18.513,12.422,39753.244,122.218,4.26,25.7,19.0,,2.54,81.32,0.932,67886011
GBR,Europe,United Kingdom,2021-06-01,4678564,40000,128700,300,85000000,50000000,33000000,3000000,68924.7,,1896.3,4.412,1.1,,,,,40.5,18.513,12.422,39753.244,122.218,4.26,25.7,19.0,,2.54,81.32,0.932,67886011
GBR,Europe,United Kingdom,2021-07-01,5527292,120000,129575,600,89000000,52000000,40000000,2000000,81423.2,,1909.2,8.824,1.3,,,,,40.5,18.513,12.422,39753.244,122.218,4.26,25.7,19.0,,2.54,81.32,0.932,67886011
GBR,Europe,United Kingdom,2021-08-01,6290979,90000,131000,700,97000000,54000000,47000000,1500000,92693.5,,1929.7,10.294,1.15,,,,,40.5,18.513,12.422,39753.244,122.218,4.26,25.7,19.0,,2.54,81.32,0.932,67886011
GBR,Europe,United Kingdom,2021-09-01,7491419,80000,135300,900,108000000,55900000,49200000,1000000,110355.3,,1993.3,13.235,1.05,,,,,40.5,18.513,12.422,39753.244,122.218,4.26,25.7,19.0,,2.54,81.32,0.932,67886011
GBR,Europe,United Kingdom,2021-10-01,8538274,70000,139900,800,112000000,57000000,50000000,800000,125780.0,,2060.4,11.765,1.1,,,,,40.5,18.513,12.422,39753.244,122.218,4.26,25.7,19.0,,2.54,81.32,0.932,67886011
GBR,Europe,United Kingdom,2021-11-01,9822028,80000,144700,600,115000000,57800000,50800000,600000,144677.0,,2131.5,8.824,1.2,,,,,40.5,18.513,12.422,39753.244,122.218,4.26,25.7,19.0,,2.54,81.32,0.932,67886011
GBR,Europe,United Kingdom,2021-12-01,12019890,200000,147500,800,118000000,58500000,51500000,800000,177072.7,,2173.0,11.765,1.5,,,,,40.5,18.513,12.422,39753.244,122.218,4.26,25.7,19.0,,2.54,81.32,0.932,67886011
GBR,Europe,United Kingdom,2022-01-01,16456182,400000,153600,2000,124000000,59500000,52500000,1500000,242413.9,,2263.3,29.412,1.6,,,,,40.5,18.513,12.422,39753.244,122.218,4.26,25.7,19.0,,2.54,81.32,0.932,67886011
GBR,Europe,United Kingdom,2022-02-01,18608550,200000,160400,1200,127000000,60100000,53200000,700000,274127.4,,2363.6,17.647,1.1,,,,,40.5,18.513,12.422,39753.244,122.218,4.26,25.7,19.0,,2.54,81.32,0.932,67886011
GBR,Europe,United Kingdom,2022-03-01,20000000,100000,163500,700,130000000,60800000,53800000,500000,294762.7,,2409.0,10.294,0.95,,,,,40.5,18.513,12.422,39753.244,122.218,4.26,25.7,19.0,,2.54,81.32,0.932,67886011
DEU,Europe,Germany,2020-03-01,57695,30000,433,150,,,,,,688.0,,5.163,1.789,1.8,,,,,45.7,21.453,14.876,45229.245,156.139,8.31,28.2,33.1,,8.0,81.33,0.947,83783942
DEU,Europe,Germany,2020-04-01,168551,15000,7119,800,,,,,,2010.3,,84.96,9.547,1.0,,,,,45.7,21.453,14.876,45229.245,156.139,8.31,28.2,33.1,,8.0,81.33,0.947,83783942
DEU,Europe,Germany,2020-05-01,181815,3000,8500,200,,,,,,2170.0,,101.5,2.387,0.85,,,,,45.7,21.453,14.876,45229.245,156.139,8.31,28.2,33.1,,8.0,81.33,0.947,83783942
DEU,Europe,Germany,2020-06-01,193371,3000,9000,150,,,,,,2308.0,,107.4,1.789,0.8,,,,,45.7,21.453,14.876,45229.245,156.139,8.31,28.2,33.1,,8.0,81.33,0.947,83783942
DEU,Europe,Germany,2020-07-01,211281,5000,9200,100,,,,,,2522.0,,109.8,1.193,0.9,,,,,45.7,21.453,14.876,45229.245,156.139,8.31,28.2,33.1,,8.0,81.33,0.947,83783942
DEU,Europe,Germany,2020-08-01,243599,10000,9340,80,,,,,,2907.0,,111.5,0.955,1.1,,,,,45.7,21.453,14.876,45229.245,156.139,8.31,28.2,33.1,,8.0,81.33,0.947,83783942
DEU,Europe,Germany,2020-09-01,295765,20000,9440,150,,,,,,3529.0,,112.7,1.789,1.3,,,,,45.7,21.453,14.876,45229.245,156.139,8.31,28.2,33.1,,8.0,81.33,0.947,83783942
DEU,Europe,Germany,2020-10-01,449275,60000,9896,500,,,,,,5363.0,,118.1,5.968,1.6,,,,,45.7,21.453,14.876,45229.245,156.139,8.31,28.2,33.1,,8.0,81.33,0.947,83783942
DEU,Europe,Germany,2020-11-01,1018955,80000,15840,1500,,,,,,12163.0,,189.1,17.905,1.4,,,,,45.7,21.453,14.876,45229.245,156.139,8.31,28.2,33.1,,8.0,81.33,0.947,83783942
DEU,Europe,Germany,2020-12-01,1729166,100000,32107,2500,,,,,,20639.0,,383.3,29.834,1.2,,,,,45.7,21.453,14.876,45229.245,156.139,8.31,28.2,33.1,,8.0,81.33,0.947,83783942
DEU,Europe,Germany,2021-01-01,2147203,60000,54189,2000,1456000,856000,12000,1200000,25628.0,,647.0,23.871,0.88,,,,,45.7,21.453,14.876,45229.245,156.139,8.31,28.2,33.1,,8.0,81.33,0.947,83783942
DEU,Europe,Germany,2021-02-01,2385693,30000,67200,1500,4500000,3800000,80000,1500000,28482.0,,802.0,17.905,0.82,,,,,45.7,21.453,14.876,45229.245,156.139,8.31,28.2,33.1,,8.0,81.33,0.947,83783942
DEU,Europe,Germany,2021-03-01,2820926,60000,75700,1200,9000000,8000000,400000,2500000,33672.0,,904.0,14.323,1.1,,,,,45.7,21.453,14.876,45229.245,156.139,8.31,28.2,33.1,,8.0,81.33,0.947,83783942
DEU,Europe,Germany,2021-04-01,3201942,80000,80800,1000,20000000,18000000,2500000,3000000,38229.0,,964.5,11.935,1.25,,,,,45.7,21.453,14.876,45229.245,156.139,8.31,28.2,33.1,,8.0,81.33,0.947,83783942
DEU,Europe,Germany,2021-05-01,3641839,60000,87500,800,38000000,34000000,8000000,4500000,43476.0,,1044.8,9.547,1.0,,,,,45.7,21.453,14.876,45229.245,156.139,8.31,28.2,33.1,,8.0,81.33,0.947,83783942
DEU,Europe,Germany,2021-06-01,3740386,15000,90600,400,64000000,52000000,25000000,5000000,44659.0,,1081.6,4.776,0.85,,,,,45.7,21.453,14.876,45229.245,156.139,8.31,28.2,33.1,,8.0,81.33,0.947,83783942
DEU,Europe,Germany,2021-07-01,3803957,20000,91700,300,90000000,64000000,45000000,4000000,45424.0,,1094.7,3.582,0.88,,,,,45.7,21.453,14.876,45229.245,156.139,8.31,28.2,33.1,,8.0,81.33,0.947,83783942
DEU,Europe,Germany,2021-08-01,3896165,25000,92500,250,108000000,70000000,55000000,3000000,46524.0,,1104.2,2.984,1.0,,,,,45.7,21.453,14.876,45229.245,156.139,8.31,28.2,33.1,,8.0,81.33,0.947,83783942
DEU,Europe,Germany,2021-09-01,4259069,50000,93800,400,125000000,73000000,62000000,2000000,50870.0,,1120.1,4.776,1.1,,,,,45.7,21.453,14.876,45229.245,156.139,8.31,28.2,33.1,,8.0,81.33,0.947,83783942
DEU,Europe,Germany,2021-10-01,4598826,70000,97200,700,138000000,75500000,65000000,1500000,54907.0,,1160.3,8.354,1.3,,,,,45.7,21.453,14.876,45229.245,156.139,8.31,28.2,33.1,,8.0,81.33,0.947,83783942
DEU,Europe,Germany,2021-11-01,5590060,200000,101000,2500,146000000,77000000,66300000,2000000,66735.0,,1206.0,29.834,1.5,,,,,45.7,21.453,14.876,45229.245,156.139,8.31,28.2,33.1,,8.0,81.33,0.947,83783942
DEU,Europe,Germany,2021-12-01,7052743,300000,110500,3500,158000000,79000000,68000000,3000000,84185.0,,1319.4,41.769,1.4,,,,,45.7,21.453,14.876,45229.245,156.139,8.31,28.2,33.1,,8.0,81.33,0.947,83783942
DEU,Europe,Germany,2022-01-01,10099749,500000,118400,4000,167000000,80500000,69500000,2500000,120547.0,,1414.0,47.737,1.7,,,,,45.7,21.453,14.876,45229.245,156.139,8.31,28.2,33.1,,8.0,81.33,0.947,83783942
DEU,Europe,Germany,2022-02-01,14888905,700000,122500,3000,173000000,81500000,70500000,2000000,177724.0,,1462.5,35.802,1.5,,,,,45.7,21.453,14.876,45229.245,156.139,8.31,28.2,33.1,,8.0,81.33,0.947,83783942
DEU,Europe,Germany,2022-03-01,20000000,600000,127500,2000,178000000,82500000,71500000,1500000,238733.0,,1522.5,23.871,1.3,,,,,45.7,21.453,14.876,45229.245,156.139,8.31,28.2,33.1,,8.0,81.33,0.947,83783942
ZAF,Africa,South Africa,2020-03-01,1380,500,5,2,,,,,,23.28,,0.084,0.034,1.5,,,,,27.6,5.334,3.163,12294.876,235.622,5.51,1.0,35.0,23.89,2.84,63.91,0.709,59308690
ZAF,Africa,South Africa,2020-04-01,4996,2000,93,30,,,,,,84.23,,1.568,0.506,1.3,,,,,27.6,5.334,3.163,12294.876,235.622,5.51,1.0,35.0,23.89,2.84,63.91,0.709,59308690
ZAF,Africa,South Africa,2020-05-01,30967,10000,643,100,,,,,,522.2,,10.843,1.686,1.4,,,,,27.6,5.334,3.163,12294.876,235.622,5.51,1.0,35.0,23.89,2.84,63.91,0.709,59308690
ZAF,Africa,South Africa,2020-06-01,131800,30000,2413,500,,,,,,2222.5,,40.685,8.431,1.5,,,,,27.6,5.334,3.163,12294.876,235.622,5.51,1.0,35.0,23.89,2.84,63.91,0.709,59308690
ZAF,Africa,South Africa,2020-07-01,459761,80000,7497,2000,,,,,,7752.8,,126.4,33.725,1.3,,,,,27.6,5.334,3.163,12294.876,235.622,5.51,1.0,35.0,23.89,2.84,63.91,0.709,59308690
ZAF,Africa,South Africa,2020-08-01,608479,40000,13059,1500,,,,,,10259.5,,220.2,25.294,0.95,,,,,27.6,5.334,3.163,12294.876,235.622,5.51,1.0,35.0,23.89,2.84,63.91,0.709,59308690
ZAF,Africa,South Africa,2020-09-01,665188,15000,16206,500,,,,,,11217.2,,273.3,8.431,0.85,,,,,27.6,5.334,3.163,12294.876,235.622,5.51,1.0,35.0,23.89,2.84,63.91,0.709,59308690
ZAF,Africa,South Africa,2020-10-01,715868,10000,18925,400,,,,,,12074.2,,319.1,6.745,0.85,,,,,27.6,5.334,3.163,12294.876,235.622,5.51,1.0,35.0,23.89,2.84,63.91,0.709,59308690
ZAF,Africa,South Africa,2020-11-01,790854,20000,21519,500,,,,,,13335.2,,363.0,8.431,1.1,,,,,27.6,5.334,3.163,12294.876,235.622,5.51,1.0,35.0,23.89,2.84,63.91,0.709,59308690
ZAF,Africa,South Africa,2020-12-01,1080409,80000,29139,2000,,,,,,18218.0,,491.4,33.725,1.5,,,,,27.6,5.334,3.163,12294.876,235.622,5.51,1.0,35.0,23.89,2.84,63.91,0.709,59308690
ZAF,Africa,South Africa,2021-01-01,1456005,120000,44802,3500,0,0,0,0,24549.0,,755.5,59.019,1.4,,,,,27.6,5.334,3.163,12294.876,235.622,5.51,1.0,35.0,23.89,2.84,63.91,0.709,59308690
ZAF,Africa,South Africa,2021-02-01,1518979,20000,50094,800,148000,148000,0,148000,25621.0,,845.3,13.497,0.88,,,,,27.6,5.334,3.163,12294.876,235.622,5.51,1.0,35.0,23.89,2.84,63.91,0.709,59308690
ZAF,Africa,South Africa,2021-03-01,1545861,12000,52549,500,476000,476000,0,328000,26077.0,,886.3,8.431,0.9,,,,,27.6,5.334,3.163,12294.876,235.622,5.51,1.0,35.0,23.89,2.84,63.91,0.709,59308690
ZAF,Africa,South Africa,2021-04-01,1585742,15000,54230,500,2400000,1800000,200000,1900000,26750.0,,915.1,8.431,1.0,,,,,27.6,5.334,3.163,12294.876,235.622,5.51,1.0,35.0,23.89,2.84,63.91,0.709,59308690
ZAF,Africa,South Africa,2021-05-01,1645747,20000,55874,500,4100000,3200000,500000,1700000,27756.0,,942.6,8.431,1.1,,,,,27.6,5.334,3.163,12294.876,235.622,5.51,1.0,35.0,23.89,2.84,63.91,0.709,59308690
ZAF,Africa,South Africa,2021-06-01,1939348,80000,59547,1500,5400000,4200000,900000,1300000,32702.0,,1004.6,25.294,1.5,,,,,27.6,5.334,3.163,12294.876,235.622,5.51,1.0,35.0,23.89,2.84,63.91,0.709,59308690
ZAF,Africa,South Africa,2021-07-01,2359622,120000,69964,3500,8200000,6400000,1800000,2800000,39780.0,,1180.0,59.019,1.4,,,,,27.6,5.334,3.163,12294.876,235.622,5.51,1.0,35.0,23.89,2.84,63.91,0.709,59308690
ZAF,Africa,South Africa,2021-08-01,2765201,80000,82376,2500,9500000,7400000,2600000,1300000,46617.0,,1389.4,42.157,1.1,,,,,27.6,5.334,3.163,12294.876,235.622,5.51,1.0,35.0,23.89,2.84,63.91,0.709,59308690
ZAF,Africa,South Africa,2021-09-01,2896166,20000,86977,800,11000000,8500000,3200000,1500000,48826.0,,1466.8,13.497,0.9,,,,,27.6,5.334,3.163,12294.876,235.622,5.51,1.0,35.0,23.89,2.84,63.91,0.709,59308690
ZAF,Africa,South Africa,2021-10-01,2943271,10000,88930,500,13000000,10000000,4200000,2000000,49620.0,,1500.0,8.431,0.88,,,,,27.6,5.334,3.163,12294.876,235.622,5.51,1.0,35.0,23.89,2.84,63.91,0.709,59308690
ZAF,Africa,South Africa,2021-11-01,2969604,8000,89714,200,14300000,11000000,4800000,1300000,50063.0,,1513.2,3.373,0.9,,,,,27.6,5.334,3.163,12294.876,235.622,5.51,1.0,35.0,23.89,2.84,63.91,0.709,59308690
ZAF,Africa,South Africa,2021-12-01,3523941,200000,90585,2000,17400000,13000000,5800000,3100000,59410.0,,1527.9,33.725,1.9,,,,,27.6,5.334,3.163,12294.876,235.622,5.51,1.0,35.0,23.89,2.84,63.91,0.709,59308690
ZAF,Africa,South Africa,2022-01-01,3696993,250000,94116,4000,19200000,14500000,6500000,1800000,62337.0,,1587.0,67.451,1.7,,,,,27.6,5.334,3.163,12294.876,235.622,5.51,1.0,35.0,23.89,2.84,63.91,0.709,59308690
ZAF,Africa,South Africa,2022-02-01,3712250,15000,98800,1000,21800000,16500000,7500000,2600000,62594.0,,1665.6,16.863,0.85,,,,,27.6,5.334,3.163,12294.876,235.622,5.51,1.0,35.0,23.89,2.84,63.91,0.709,59308690
ZAF,Africa,South Africa,2022-03-01,3740000,8000,100050,500,24000000,18000000,8500000,2200000,63055.0,,1687.8,8.431,0.82,,,,,27.6,5.334,3.163,12294.876,235.622,5.51,1.0,35.0,23.89,2.84,63.91,0.709,59308690
AUS,Oceania,Australia,2020-03-01,4460,2000,18,10,,,,,,174.9,,0.706,0.392,1.7,,,,,37.9,15.504,10.05,44648.71,107.791,5.07,16.0,16.5,,3.84,83.44,0.944,25499884
AUS,Oceania,Australia,2020-04-01,6645,500,74,20,,,,,,260.6,,2.902,0.784,0.9,,,,,37.9,15.504,10.05,44648.71,107.791,5.07,16.0,16.5,,3.84,83.44,0.944,25499884
AUS,Oceania,Australia,2020-05-01,7150,100,103,5,,,,,,280.4,,4.039,0.196,0.85,,,,,37.9,15.504,10.05,44648.71,107.791,5.07,16.0,16.5,,3.84,83.44,0.944,25499884
AUS,Oceania,Australia,2020-06-01,7461,100,102,1,,,,,,292.6,,4.0,0.039,0.82,,,,,37.9,15.504,10.05,44648.71,107.791,5.07,16.0,16.5,,3.84,83.44,0.944,25499884
AUS,Oceania,Australia,2020-07-01,12056,2000,125,10,,,,,,472.8,,4.902,0.392,1.3,,,,,37.9,15.504,10.05,44648.71,107.791,5.07,16.0,16.5,,3.84,83.44,0.944,25499884
AUS,Oceania,Australia,2020-08-01,24812,4000,365,80,,,,,,973.0,,14.314,3.137,1.2,,,,,37.9,15.504,10.05,44648.71,107.791,5.07,16.0,16.5,,3.84,83.44,0.944,25499884
AUS,Oceania,Australia,2020-09-01,26921,500,864,50,,,,,,1055.8,,33.882,1.961,0.8,,,,,37.9,15.504,10.05,44648.71,107.791,5.07,16.0,16.5,,3.84,83.44,0.944,25499884
AUS,Oceania,Australia,2020-10-01,27553,100,907,5,,,,,,1080.5,,35.569,0.196,0.78,,,,,37.9,15.504,10.05,44648.71,107.791,5.07,16.0,16.5,,3.84,83.44,0.944,25499884
AUS,Oceania,Australia,2020-11-01,27826,50,907,0,,,,,,1091.7,,35.569,0.0,0.8,,,,,37.9,15.504,10.05,44648.71,107.791,5.07,16.0,16.5,,3.84,83.44,0.944,25499884
AUS,Oceania,Australia,2020-12-01,28180,100,908,1,,,,,,1105.6,,35.608,0.039,0.82,,,,,37.9,15.504,10.05,44648.71,107.791,5.07,16.0,16.5,,3.84,83.44,0.944,25499884
AUS,Oceania,Australia,2021-01-01,28727,100,909,1,0,0,0,0,1126.6,,35.647,0.039,0.85,,,,,37.9,15.504,10.05,44648.71,107.791,5.07,16.0,16.5,,3.84,83.44,0.944,25499884
AUS,Oceania,Australia,2021-02-01,28934,80,909,0,30000,30000,0,30000,1134.7,,35.647,0.0,0.85,,,,,37.9,15.504,10.05,44648.71,107.791,5.07,16.0,16.5,,3.84,83.44,0.944,25499884
AUS,Oceania,Australia,2021-03-01,29326,100,909,0,628000,600000,0,598000,1150.3,,35.647,0.0,0.88,,,,,37.9,15.504,10.05,44648.71,107.791,5.07,16.0,16.5,,3.84,83.44,0.944,25499884
AUS,Oceania,Australia,2021-04-01,29582,80,910,1,1700000,1600000,100000,1072000,1160.5,,35.686,0.039,0.88,,,,,37.9,15.504,10.05,44648.71,107.791,5.07,16.0,16.5,,3.84,83.44,0.944,25499884
AUS,Oceania,Australia,2021-05-01,29990,150,910,0,2200000,2100000,200000,500000,1176.5,,35.686,0.0,0.9,,,,,37.9,15.504,10.05,44648.71,107.791,5.07,16.0,16.5,,3.84,83.44,0.944,25499884
AUS,Oceania,Australia,2021-06-01,30289,100,910,0,3200000,3000000,500000,1000000,1188.2,,35.686,0.0,0.9,,,,,37.9,15.504,10.05,44648.71,107.791,5.07,16.0,16.5,,3.84,83.44,0.944,25499884
AUS,Oceania,Australia,2021-07-01,32800,1500,912,2,8000000,7000000,2000000,4800000,1286.3,,35.765,0.078,1.2,,,,,37.9,15.504,10.05,44648.71,107.791,5.07,16.0,16.5,,3.84,83.44,0.944,25499884
AUS,Oceania,Australia,2021-08-01,53100,15000,932,20,14000000,12000000,5000000,6000000,2082.4,,36.549,0.784,1.4,,,,,37.9,15.504,10.05,44648.71,107.791,5.07,16.0,16.5,,3.84,83.44,0.944,25499884
AUS,Oceania,Australia,2021-09-01,96500,30000,1200,80,25000000,20000000,12000000,11000000,3784.3,,47.059,3.137,1.3,,,,,37.9,15.504,10.05,44648.71,107.791,5.07,16.0,16.5,,3.84,83.44,0.944,25499884
AUS,Oceania,Australia,2021-10-01,148600,40000,1643,200,37000000,29000000,21000000,12000000,5827.5,,64.431,7.843,1.2,,,,,37.9,15.504,10.05,44648.71,107.791,5.07,16.0,16.5,,3.84,83.44,0.944,25499884
AUS,Oceania,Australia,2021-11-01,198700,20000,2006,150,45000000,34000000,27000000,8000000,7792.2,,78.667,5.882,1.0,,,,,37.9,15.504,10.05,44648.71,107.791,5.07,16.0,16.5,,3.84,83.44,0.944,25499884
AUS,Oceania,Australia,2021-12-01,419900,150000,2140,200,52000000,37000000,31000000,7000000,16467.7,,83.922,7.843,1.5,,,,,37.9,15.504,10.05,44648.71,107.791,5.07,16.0,16.5,,3.84,83.44,0.944,25499884
AUS,Oceania,Australia,2022-01-01,2400000,1000000,3100,1200,57000000,40000000,34000000,5000000,94119.6,,121.569,47.059,2.0,,,,,37.9,15.504,10.05,44648.71,107.791,5.07,16.0,16.5,,3.84,83.44,0.944,25499884
AUS,Oceania,Australia,2022-02-01,3600000,600000,5200,1500,61000000,42000000,36000000,4000000,141178.4,,203.922,58.824,1.6,,,,,37.9,15.504,10.05,44648.71,107.791,5.07,16.0,16.5,,3.84,83.44,0.944,25499884
AUS,Oceania,Australia,2022-03-01,4400000,500000,6800,1200,64000000,44000000,38000000,3000000,172549.0,,266.667,47.059,1.3,,,,,37.9,15.504,10.05,44648.71,107.791,5.07,16.0,16.5,,3.84,83.44,0.944,25499884
